slug,tag,tag_slug
blue-curtain,water,water
blue-curtain,memory,memory
blue-curtain,childhood,childhood
blue-curtain,loss,loss
blue-curtain,ocean,ocean
a-place,love,love
a-place,desire,desire
a-place,intimacy,intimacy
a-place,body,body
a-place,nature,nature
toil,fear,fear
toil,struggle,struggle
toil,freedom,freedom
toil,self-knowledge,self-knowledge
toil,repetition,repetition
shame-is,shame,shame
shame-is,pride,pride
shame-is,conformity,conformity
shame-is,identity,identity
shame-is,rejection,rejection
brittle,love,love
brittle,trauma,trauma
brittle,trust,trust
brittle,vulnerability,vulnerability
brittle,self-love,self-love
brittle,healing,healing
coffee-shop,loneliness,loneliness
coffee-shop,connection,connection
coffee-shop,time,time
coffee-shop,strangers,strangers
coffee-shop,presence,presence
twelve-plates-on-christmas-eve,Christmas,christmas
twelve-plates-on-christmas-eve,ritual,ritual
twelve-plates-on-christmas-eve,love,love
twelve-plates-on-christmas-eve,intimacy,intimacy
twelve-plates-on-christmas-eve,tradition,tradition
twelve-plates-on-christmas-eve,forgiveness,forgiveness
you-age-like-milk,love,love
you-age-like-milk,aging,aging
you-age-like-milk,body,body
you-age-like-milk,affection,affection
you-age-like-milk,partnership,partnership
you-age-like-milk,humour,humour
dark-lessons,trauma,trauma
dark-lessons,abuse,abuse
dark-lessons,attachment,attachment
dark-lessons,harm,harm
dark-lessons,healing,healing
water-skippers,burden,burden
water-skippers,fear,fear
water-skippers,healing,healing
water-skippers,resilience,resilience
water-skippers,freedom,freedom
riding-the-pain,pain,pain
riding-the-pain,illness,illness
riding-the-pain,body,body
riding-the-pain,dissociation,dissociation
riding-the-pain,survival,survival
riding-the-pain,neglect,neglect
blackberry-bush,childhood,childhood
blackberry-bush,family,family
blackberry-bush,trauma,trauma
blackberry-bush,abuse,abuse
blackberry-bush,healing,healing
blackberry-bush,cycles,cycles
a-spiral-under,identity,identity
a-spiral-under,memory,memory
a-spiral-under,legacy,legacy
a-spiral-under,self,self
a-spiral-under,belonging,belonging
a-song-of-home,home,home
a-song-of-home,journey,journey
a-song-of-home,memory,memory
a-song-of-home,belonging,belonging
a-song-of-home,contentment,contentment
catching-salmon,desire,desire
catching-salmon,intimacy,intimacy
catching-salmon,body,body
catching-salmon,water,water
catching-salmon,surrender,surrender
when-the-sky-falls,collapse,collapse
when-the-sky-falls,fear,fear
when-the-sky-falls,witness,witness
when-the-sky-falls,nature,nature
when-the-sky-falls,apocalypse,apocalypse
no-north,depression,depression
no-north,exhaustion,exhaustion
no-north,identity,identity
no-north,hopelessness,hopelessness
no-north,direction,direction
breathe-in-the-colours,synesthesia,synesthesia
breathe-in-the-colours,colour,colour
breathe-in-the-colours,music,music
breathe-in-the-colours,perception,perception
thoughts-keep-on-buzzing,insomnia,insomnia
thoughts-keep-on-buzzing,thoughts,thoughts
thoughts-keep-on-buzzing,creativity,creativity
thoughts-keep-on-buzzing,sleep,sleep
work-slips,work,work
work-slips,burnout,burnout
work-slips,hobbies,hobbies
work-slips,precarity,precarity
scroll-to-another-reel,war,war
scroll-to-another-reel,apathy,apathy
scroll-to-another-reel,social media,social-media
scroll-to-another-reel,prayer,prayer
scroll-to-another-reel,witness,witness
the-felling-of-the-good-tree,war,war
the-felling-of-the-good-tree,children,children
the-felling-of-the-good-tree,grief,grief
the-felling-of-the-good-tree,school,school
the-felling-of-the-good-tree,violence,violence
the-heirs,children,children
the-heirs,future,future
the-heirs,legacy,legacy
the-heirs,hope,hope
the-heirs,destruction,destruction
legacy,legacy,legacy
legacy,ambition,ambition
legacy,kindness,kindness
legacy,life,life
birth-below-earth-roots-grow-slow,birth,birth
birth-below-earth-roots-grow-slow,growth,growth
birth-below-earth-roots-grow-slow,nature,nature
birth-below-earth-roots-grow-slow,recurrence,recurrence
silence-is-the-smallest-poem,silence,silence
silence-is-the-smallest-poem,poetry,poetry
silence-is-the-smallest-poem,recursion,recursion
silence-is-the-smallest-poem,language,language
